Index|Nombre|Apellidos|Inicio|tramo1|tramo2|tramo3|tramo4|tramo5|tramo6|tramo7|tramo8|tramo9|tramo10|tramo11|tramo12|tramo13|tramo14|tramo15|tramo16|tramo17|tramo18|tramo19|tramo20|tramo21|tramo22|tramo23|tramo24|tramo25|tramo26|tramo27|tramo28|tramo29|tramo30|tramo31|tramo32|tramo33|tramo34|tramo35|tramo36|tramo37|tramo38|tramo39|tramo40|tramo41|tramo42|tramo43|tramo44|tramo45|tramo46|tramo47|tramo48|tramo49|tramo50|tramo51|tramo52|tramo53|tramo54|tramo55|tramo56|tramo57|tramo58|tramo59|tramo60
0|Daniel|Bautista Pelayo|2018-05-03 14:20:46.457000|2018-05-03 14:21:14.352000|2018-05-03 14:21:48.363000|2018-05-03 14:22:23.164000|2018-05-03 14:22:58.317000|2018-05-03 14:23:26.220000|2018-05-03 14:23:51.390000|2018-05-03 14:24:12.845000|2018-05-03 14:24:37.605000|2018-05-03 14:25:13.643000|2018-05-03 14:25:45.726000|2018-05-03 14:26:21.307000|2018-05-03 14:26:48.844000|2018-05-03 14:27:18.034000|2018-05-03 14:27:46.613000|2018-05-03 14:28:15.515000|2018-05-03 14:28:41.902000|2018-05-03 14:29:13.159000|2018-05-03 14:29:43.724000|2018-05-03 14:30:14.719000|2018-05-03 14:30:43.293000|2018-05-03 14:31:17.816000|2018-05-03 14:31:49.270000|2018-05-03 14:32:19.557000|2018-05-03 14:32:45.999000|2018-05-03 14:33:06.785000|2018-05-03 14:33:38.366000|2018-05-03 14:34:03.160000|2018-05-03 14:34:39.786000|2018-05-03 14:35:04.511000|2018-05-03 14:35:28.999000|2018-05-03 14:36:05.502000|2018-05-03 14:36:34.066000|2018-05-03 14:36:55.291000|2018-05-03 14:37:26.683000|2018-05-03 14:37:58.903000|2018-05-03 14:38:23.239000|2018-05-03 14:38:57.126000|2018-05-03 14:39:20.943000|2018-05-03 14:39:50.135000|2018-05-03 14:40:19.031000|2018-05-03 14:40:49.929000|2018-05-03 14:41:18.954000|2018-05-03 14:41:41.788000|2018-05-03 14:42:04.675000|2018-05-03 14:42:37.260000|2018-05-03 14:43:02.222000|2018-05-03 14:43:33.817000|2018-05-03 14:44:05.805000|2018-05-03 14:44:38.596000|2018-05-03 14:45:12.177000|2018-05-03 14:45:44.842000|2018-05-03 14:46:09.510000|2018-05-03 14:46:37.301000|2018-05-03 14:47:10.902000|2018-05-03 14:47:44.051000|2018-05-03 14:48:14.870000|2018-05-03 14:48:47.245000|2018-05-03 14:49:10.552000|2018-05-03 14:49:45.594000|2018-05-03 14:50:13.984000
1|Maria|Abad Figueroa|2018-05-03 14:20:46.457000|2018-05-03 14:21:16.964000|2018-05-03 14:21:52.534000|2018-05-03 14:22:21.345000|2018-05-03 14:22:55.420000|2018-05-03 14:23:16.878000|2018-05-03 14:23:51.603000|2018-05-03 14:24:21.753000|2018-05-03 14:24:44.984000|2018-05-03 14:25:17.119000|2018-05-03 14:25:43.706000|2018-05-03 14:26:11.105000|2018-05-03 14:26:47.166000|2018-05-03 14:27:09.878000|2018-05-03 14:27:41.792000|2018-05-03 14:28:11.963000|2018-05-03 14:28:40.296000|2018-05-03 14:29:01.862000|2018-05-03 14:29:23.877000|2018-05-03 14:29:52.100000|2018-05-03 14:30:17.265000|2018-05-03 14:30:42.882000|2018-05-03 14:31:10.639000|2018-05-03 14:31:40.843000|2018-05-03 14:32:14.945000|2018-05-03 14:32:37.267000|2018-05-03 14:33:06.062000|2018-05-03 14:33:40.435000|2018-05-03 14:34:03.236000|2018-05-03 14:34:28.462000|2018-05-03 14:34:52.535000|2018-05-03 14:35:25.460000|2018-05-03 14:35:58.893000|2018-05-03 14:36:29.767000|2018-05-03 14:36:54.399000|2018-05-03 14:37:25.488000|2018-05-03 14:38:02.042000|2018-05-03 14:38:27.625000|2018-05-03 14:38:56.085000|2018-05-03 14:39:25.333000|2018-05-03 14:39:58.831000|2018-05-03 14:40:26.370000|2018-05-03 14:40:50.499000|2018-05-03 14:41:22.661000|2018-05-03 14:41:56.620000|2018-05-03 14:42:26.176000|2018-05-03 14:43:02.392000|2018-05-03 14:43:29.513000|2018-05-03 14:44:04.609000|2018-05-03 14:44:37|2018-05-03 14:45:00.720000|2018-05-03 14:45:26.250000|2018-05-03 14:45:51.443000|2018-05-03 14:46:12.981000|2018-05-03 14:46:45.082000|2018-05-03 14:47:20.346000|2018-05-03 14:47:47.206000|2018-05-03 14:48:16.365000|2018-05-03 14:48:52.907000|2018-05-03 14:49:15.754000|2018-05-03 14:49:45.867000
2|Ernesto|Bautista Martin|2018-05-03 14:20:46.457000|2018-05-03 14:21:13.586000|2018-05-03 14:21:40.432000|2018-05-03 14:22:08.235000|2018-05-03 14:22:30.886000|2018-05-03 14:22:52.065000|2018-05-03 14:23:20.106000|2018-05-03 14:23:52.989000|2018-05-03 14:24:14.372000|2018-05-03 14:24:46.255000|2018-05-03 14:25:19.046000|2018-05-03 14:25:41.477000|2018-05-03 14:26:17.904000|2018-05-03 14:26:50.803000|2018-05-03 14:27:18.371000|2018-05-03 14:27:52.175000|2018-05-03 14:28:28.825000|2018-05-03 14:28:55.483000|2018-05-03 14:29:18.182000|2018-05-03 14:29:43.847000|2018-05-03 14:30:16.209000|2018-05-03 14:30:43.791000|2018-05-03 14:31:11.548000|2018-05-03 14:31:34.404000|2018-05-03 14:32:00.036000|2018-05-03 14:32:29.497000|2018-05-03 14:32:55.270000|2018-05-03 14:33:29.473000|2018-05-03 14:34:01.179000|2018-05-03 14:34:37.860000|2018-05-03 14:35:07.709000|2018-05-03 14:35:30.791000|2018-05-03 14:35:56.340000|2018-05-03 14:36:19.195000|2018-05-03 14:36:45.540000|2018-05-03 14:37:18.753000|2018-05-03 14:37:49.803000|2018-05-03 14:38:22.768000|2018-05-03 14:38:55.290000|2018-05-03 14:39:23.671000|2018-05-03 14:39:54.507000|2018-05-03 14:40:18.501000|2018-05-03 14:40:41.826000|2018-05-03 14:41:12.271000|2018-05-03 14:41:35.847000|2018-05-03 14:42:12.213000|2018-05-03 14:42:37.168000|2018-05-03 14:43:05.234000|2018-05-03 14:43:39.890000|2018-05-03 14:44:03.650000|2018-05-03 14:44:30.811000|2018-05-03 14:45:03.603000|2018-05-03 14:45:29.633000|2018-05-03 14:45:56.395000|2018-05-03 14:46:21.324000|2018-05-03 14:46:52.965000|2018-05-03 14:47:18.745000|2018-05-03 14:47:40.898000|2018-05-03 14:48:01.821000|2018-05-03 14:48:33.892000|2018-05-03 14:48:57.944000
3|Luis|Fragoso Zabala|2018-05-03 14:20:46.457000|2018-05-03 14:21:08.833000|2018-05-03 14:21:31.362000|2018-05-03 14:22:07.377000|2018-05-03 14:22:36.333000|2018-05-03 14:23:05.747000|2018-05-03 14:23:37.573000|2018-05-03 14:24:13.962000|2018-05-03 14:24:44.468000|2018-05-03 14:25:09.864000|2018-05-03 14:25:39.480000|2018-05-03 14:26:13.511000|2018-05-03 14:26:39.700000|2018-05-03 14:27:12.627000|2018-05-03 14:27:49.299000|2018-05-03 14:28:22.438000|2018-05-03 14:28:56.723000|2018-05-03 14:29:24.190000|2018-05-03 14:29:45.153000|2018-05-03 14:30:13.013000|2018-05-03 14:30:42.167000|2018-05-03 14:31:16.571000|2018-05-03 14:31:41.765000|2018-05-03 14:32:03.158000|2018-05-03 14:32:32.192000|2018-05-03 14:33:00.686000|2018-05-03 14:33:37.299000|2018-05-03 14:34:06.914000|2018-05-03 14:34:32.518000|2018-05-03 14:35:04.309000|2018-05-03 14:35:39.505000|2018-05-03 14:36:06.550000|2018-05-03 14:36:43.108000|2018-05-03 14:37:17.324000|2018-05-03 14:37:48.968000|2018-05-03 14:38:21.719000|2018-05-03 14:38:44.310000|2018-05-03 14:39:20.446000|2018-05-03 14:39:54.576000|2018-05-03 14:40:16.287000|2018-05-03 14:40:39.173000|2018-05-03 14:41:13.218000|2018-05-03 14:41:46.172000|2018-05-03 14:42:19.646000|2018-05-03 14:42:42.565000|2018-05-03 14:43:14.534000|2018-05-03 14:43:50.728000|2018-05-03 14:44:17.513000|2018-05-03 14:44:46.659000|2018-05-03 14:45:18.882000|2018-05-03 14:45:51.204000|2018-05-03 14:46:27.842000|2018-05-03 14:46:54.500000|2018-05-03 14:47:25.661000|2018-05-03 14:47:53.606000|2018-05-03 14:48:27.688000|2018-05-03 14:48:54.858000|2018-05-03 14:49:23.674000|2018-05-03 14:49:55.589000|2018-05-03 14:50:17.127000|2018-05-03 14:50:48.116000
4|Luis|Xicotencatl Anguiano|2018-05-03 14:20:46.457000||||||||||||||||||||||||||||||||||||||||||||||||||||||||||||
5|Ivan|Obregon Ogalde|2018-05-03 14:20:46.457000|2018-05-03 14:21:16.445000|2018-05-03 14:21:45.425000|2018-05-03 14:22:09.882000|2018-05-03 14:22:45.244000|2018-05-03 14:23:19.158000|2018-05-03 14:23:48.337000|2018-05-03 14:24:19.772000|2018-05-03 14:24:41.439000|2018-05-03 14:25:10.206000|2018-05-03 14:25:31.877000|2018-05-03 14:26:07.021000|2018-05-03 14:26:34.032000|2018-05-03 14:26:56.994000|2018-05-03 14:27:19.980000|2018-05-03 14:27:51.185000|2018-05-03 14:28:15.547000|2018-05-03 14:28:42.807000|2018-05-03 14:29:19.035000|2018-05-03 14:29:50.039000|2018-05-03 14:30:25.192000|2018-05-03 14:30:53.262000|2018-05-03 14:31:28.346000|2018-05-03 14:32:03.620000|2018-05-03 14:32:28.057000|2018-05-03 14:32:58.193000|2018-05-03 14:33:21.615000|2018-05-03 14:33:43.764000|2018-05-03 14:34:05.621000|2018-05-03 14:34:31.334000|2018-05-03 14:34:59.614000|2018-05-03 14:35:24.242000|2018-05-03 14:35:49.869000|2018-05-03 14:36:13.346000|2018-05-03 14:36:42.588000|2018-05-03 14:37:08.886000|2018-05-03 14:37:45.245000|2018-05-03 14:38:11.710000|2018-05-03 14:38:40.656000|2018-05-03 14:39:05.033000|2018-05-03 14:39:27.035000|2018-05-03 14:39:51.188000|2018-05-03 14:40:20.047000|2018-05-03 14:40:43.770000|2018-05-03 14:41:09.502000|2018-05-03 14:41:36.479000|2018-05-03 14:41:58.228000|2018-05-03 14:42:25.549000|2018-05-03 14:42:51.824000|2018-05-03 14:43:21.429000|2018-05-03 14:43:43.159000|2018-05-03 14:44:10.927000|2018-05-03 14:44:34.695000|2018-05-03 14:45:04.390000|2018-05-03 14:45:29.965000|2018-05-03 14:46:06.436000|2018-05-03 14:46:31.930000|2018-05-03 14:47:00.814000|2018-05-03 14:47:21.725000|2018-05-03 14:47:54.350000|2018-05-03 14:48:24.070000
6|Tatiana|Abad Baldespino|2018-05-03 14:20:46.457000|2018-05-03 14:21:10.720000|2018-05-03 14:21:33.623000|2018-05-03 14:22:09.688000|2018-05-03 14:22:44.102000|2018-05-03 14:23:20.012000|2018-05-03 14:23:41.549000|2018-05-03 14:24:02.422000|2018-05-03 14:24:34.229000|2018-05-03 14:25:07.438000|2018-05-03 14:25:38.267000|2018-05-03 14:26:06.277000|2018-05-03 14:26:40.554000|2018-05-03 14:27:07.385000|2018-05-03 14:27:37.341000|2018-05-03 14:28:04.408000|2018-05-03 14:28:34.750000|2018-05-03 14:28:58.191000|2018-05-03 14:29:26.150000|2018-05-03 14:30:00.376000|2018-05-03 14:30:33.509000|2018-05-03 14:30:54.712000|2018-05-03 14:31:23.494000|2018-05-03 14:31:50.812000|2018-05-03 14:32:13.870000|2018-05-03 14:32:48.728000|2018-05-03 14:33:17.965000|2018-05-03 14:33:51.853000|2018-05-03 14:34:25.960000|2018-05-03 14:35:01.324000|2018-05-03 14:35:28.513000|2018-05-03 14:35:55.192000|2018-05-03 14:36:30.481000|2018-05-03 14:36:56.044000|2018-05-03 14:37:32.082000|2018-05-03 14:38:01.020000|2018-05-03 14:38:34.146000|2018-05-03 14:38:55.366000|2018-05-03 14:39:31.094000|2018-05-03 14:39:54.723000|2018-05-03 14:40:28.758000|2018-05-03 14:40:51.358000|2018-05-03 14:41:26.702000|2018-05-03 14:41:56.578000|2018-05-03 14:42:28.434000|2018-05-03 14:42:55.663000|2018-05-03 14:43:25.250000|2018-05-03 14:43:53.304000|2018-05-03 14:44:24.549000|2018-05-03 14:44:47.971000|2018-05-03 14:45:17.171000|2018-05-03 14:45:53.426000|2018-05-03 14:46:19.068000|2018-05-03 14:46:54.824000|2018-05-03 14:47:29.283000|2018-05-03 14:47:59.815000|2018-05-03 14:48:34.233000|2018-05-03 14:48:55.044000|2018-05-03 14:49:17.512000|2018-05-03 14:49:41.573000|2018-05-03 14:50:05.885000
7|Ernesto|Tortolero Macario|2018-05-03 14:20:46.457000|2018-05-03 14:21:19.159000|2018-05-03 14:21:44.365000|2018-05-03 14:22:16.032000|2018-05-03 14:22:39.617000|2018-05-03 14:23:08.108000|2018-05-03 14:23:37.910000|2018-05-03 14:24:11.974000|2018-05-03 14:24:32.941000|2018-05-03 14:24:57.242000|2018-05-03 14:25:20.631000|2018-05-03 14:25:45.862000|2018-05-03 14:26:08.476000|2018-05-03 14:26:35.199000|2018-05-03 14:26:57.696000|2018-05-03 14:27:25.824000|2018-05-03 14:28:01.518000|2018-05-03 14:28:22.296000|2018-05-03 14:28:51.877000|2018-05-03 14:29:24.152000|2018-05-03 14:29:58.583000|2018-05-03 14:30:20.799000|2018-05-03 14:30:50.454000|2018-05-03 14:31:16.683000|2018-05-03 14:31:39.157000|2018-05-03 14:32:01.589000|2018-05-03 14:32:35.475000|2018-05-03 14:33:03.343000|2018-05-03 14:33:32.597000|2018-05-03 14:33:56.901000|2018-05-03 14:34:19.903000|2018-05-03 14:34:54.969000|2018-05-03 14:35:19.030000|2018-05-03 14:35:48.560000|2018-05-03 14:36:14.853000|2018-05-03 14:36:41.375000|2018-05-03 14:37:07.204000|2018-05-03 14:37:28.803000|2018-05-03 14:37:52.759000|2018-05-03 14:38:18.485000|2018-05-03 14:38:47.079000|2018-05-03 14:39:09.223000|2018-05-03 14:39:34.764000|2018-05-03 14:40:11.173000|2018-05-03 14:40:35.635000|2018-05-03 14:41:04.337000|2018-05-03 14:41:38.200000|2018-05-03 14:42:06.611000|2018-05-03 14:42:30.853000|2018-05-03 14:43:02.791000|2018-05-03 14:43:30.205000|2018-05-03 14:43:55.852000|2018-05-03 14:44:29.401000|2018-05-03 14:44:52.192000|2018-05-03 14:45:25.541000|2018-05-03 14:45:49.808000|2018-05-03 14:46:25.264000|2018-05-03 14:46:47.016000|2018-05-03 14:47:19.580000|2018-05-03 14:47:53.455000|2018-05-03 14:48:24.071000
8|Maria|Salado Zuniga|2018-05-03 14:20:46.457000|2018-05-03 14:21:11.202000|2018-05-03 14:21:47.159000|2018-05-03 14:22:18.780000|2018-05-03 14:22:49.281000|2018-05-03 14:23:20.325000|2018-05-03 14:23:53.246000|2018-05-03 14:24:25.184000|2018-05-03 14:24:52.664000|2018-05-03 14:25:28.642000|2018-05-03 14:26:04.951000|2018-05-03 14:26:32.384000|2018-05-03 14:26:58.692000|2018-05-03 14:27:28.161000|2018-05-03 14:27:51.398000|2018-05-03 14:28:12.708000|2018-05-03 14:28:36.669000|2018-05-03 14:29:00.730000|2018-05-03 14:29:34.267000|2018-05-03 14:30:03.472000|2018-05-03 14:30:28.073000|2018-05-03 14:30:59.008000|2018-05-03 14:31:33.987000|2018-05-03 14:32:07.169000|2018-05-03 14:32:35.456000|2018-05-03 14:33:08.915000|2018-05-03 14:33:30.400000|2018-05-03 14:34:06.527000|2018-05-03 14:34:42.709000|2018-05-03 14:35:18.983000|2018-05-03 14:35:45.152000|2018-05-03 14:36:20.378000|2018-05-03 14:36:50.896000|2018-05-03 14:37:17.416000|2018-05-03 14:37:46.810000|2018-05-03 14:38:17.918000|2018-05-03 14:38:40.773000|2018-05-03 14:39:08.142000|2018-05-03 14:39:30.834000|2018-05-03 14:39:52.453000|2018-05-03 14:40:19.231000|2018-05-03 14:40:52.902000|2018-05-03 14:41:17.681000|2018-05-03 14:41:50.461000|2018-05-03 14:42:15.646000|2018-05-03 14:42:42.544000|2018-05-03 14:43:03.411000|2018-05-03 14:43:27.439000|2018-05-03 14:44:01.262000|2018-05-03 14:44:31.934000|2018-05-03 14:45:06.314000|2018-05-03 14:45:34.736000|2018-05-03 14:45:57.391000|2018-05-03 14:46:22.754000|2018-05-03 14:46:48.633000|2018-05-03 14:47:19.072000|2018-05-03 14:47:46.155000|2018-05-03 14:48:12.755000|2018-05-03 14:48:45.600000|2018-05-03 14:49:12.093000|2018-05-03 14:49:41.181000
9|Tomasa|Gutierrez Tortolero|2018-05-03 14:20:46.457000|2018-05-03 14:21:07.762000|2018-05-03 14:21:38.787000|2018-05-03 14:22:10.999000|2018-05-03 14:22:44.714000|2018-05-03 14:23:19.636000|2018-05-03 14:23:41.898000|2018-05-03 14:24:11.376000|2018-05-03 14:24:43.538000|2018-05-03 14:25:15.537000|2018-05-03 14:25:38.361000|2018-05-03 14:26:15.004000|2018-05-03 14:26:50.791000|2018-05-03 14:27:24.197000|2018-05-03 14:28:00.317000|2018-05-03 14:28:28.573000|2018-05-03 14:28:58.589000|2018-05-03 14:29:32.656000|2018-05-03 14:29:58.410000|2018-05-03 14:30:24.662000|2018-05-03 14:30:46.799000|2018-05-03 14:31:12.447000|2018-05-03 14:31:44.036000|2018-05-03 14:32:19.826000|2018-05-03 14:32:47.275000|2018-05-03 14:33:19.955000|2018-05-03 14:33:46.069000|2018-05-03 14:34:08.294000|2018-05-03 14:34:34.990000|2018-05-03 14:35:06.563000|2018-05-03 14:35:39.308000|2018-05-03 14:36:06.838000|2018-05-03 14:36:36.937000|2018-05-03 14:37:08.723000|2018-05-03 14:37:35.371000|2018-05-03 14:37:59.652000|2018-05-03 14:38:35.135000|2018-05-03 14:39:02.296000|2018-05-03 14:39:26.586000|2018-05-03 14:39:56.646000|2018-05-03 14:40:24.036000|2018-05-03 14:40:44.889000|2018-05-03 14:41:08.525000|2018-05-03 14:41:32.714000|2018-05-03 14:41:56.639000|2018-05-03 14:42:18.211000|2018-05-03 14:42:43.693000|2018-05-03 14:43:11.363000|2018-05-03 14:43:44.725000|2018-05-03 14:44:19.688000|2018-05-03 14:44:55.483000|2018-05-03 14:45:16.550000|2018-05-03 14:45:48.723000|2018-05-03 14:46:11.059000|2018-05-03 14:46:35.083000|2018-05-03 14:46:57.246000|2018-05-03 14:47:22.832000|2018-05-03 14:47:57.915000|2018-05-03 14:48:31.249000|2018-05-03 14:49:07.758000|2018-05-03 14:49:37.529000
10|Carolina|Montemayor Otero|2018-05-03 14:20:46.457000|2018-05-03 14:21:10.759000|2018-05-03 14:21:40.435000|2018-05-03 14:22:06.694000|2018-05-03 14:22:37.857000|2018-05-03 14:23:11.870000|2018-05-03 14:23:39.983000|2018-05-03 14:24:02.572000|2018-05-03 14:24:28.319000|2018-05-03 14:25:03.314000|2018-05-03 14:25:30.451000|2018-05-03 14:26:01.572000|2018-05-03 14:26:31.587000|2018-05-03 14:26:56.245000|2018-05-03 14:27:24.652000|2018-05-03 14:27:55.096000|2018-05-03 14:28:26.075000|2018-05-03 14:28:57.481000|2018-05-03 14:29:25.413000|2018-05-03 14:29:47.921000|2018-05-03 14:30:10.647000|2018-05-03 14:30:36.058000|2018-05-03 14:31:00.078000|2018-05-03 14:31:26.395000|2018-05-03 14:31:55.637000|2018-05-03 14:32:31.254000|2018-05-03 14:32:57.304000|2018-05-03 14:33:29.543000|2018-05-03 14:34:04.046000|2018-05-03 14:34:31.111000|2018-05-03 14:34:52.763000|2018-05-03 14:35:18.370000|2018-05-03 14:35:41.033000|2018-05-03 14:36:10.926000|2018-05-03 14:36:34.561000|2018-05-03 14:37:07.910000|2018-05-03 14:37:38.954000|2018-05-03 14:37:59.877000|2018-05-03 14:38:23.747000|2018-05-03 14:38:51.547000|2018-05-03 14:39:19.837000|2018-05-03 14:39:41.250000|2018-05-03 14:40:03.848000|2018-05-03 14:40:37.098000|2018-05-03 14:41:05.422000|2018-05-03 14:41:28.831000|2018-05-03 14:42:03.630000|2018-05-03 14:42:28.620000|2018-05-03 14:42:58.285000|2018-05-03 14:43:19.616000|2018-05-03 14:43:55.432000|2018-05-03 14:44:18.133000|2018-05-03 14:44:49.921000|2018-05-03 14:45:17.706000|2018-05-03 14:45:50.586000|2018-05-03 14:46:24.691000|2018-05-03 14:46:59.770000|2018-05-03 14:47:27.069000|2018-05-03 14:47:56.200000|2018-05-03 14:48:26.834000|2018-05-03 14:48:54.178000
11|Filemon|Bautista Taboada|2018-05-03 14:20:46.457000|2018-05-03 14:21:16.163000|2018-05-03 14:21:44.280000|2018-05-03 14:22:12.327000|2018-05-03 14:22:41.208000|2018-05-03 14:23:04.854000|2018-05-03 14:23:29.379000|2018-05-03 14:23:54.630000|2018-05-03 14:24:24.330000|2018-05-03 14:24:45.130000|2018-05-03 14:25:15.590000|2018-05-03 14:25:43.010000|2018-05-03 14:26:06.134000|2018-05-03 14:26:40.171000|2018-05-03 14:27:14.868000|2018-05-03 14:27:42.029000|2018-05-03 14:28:03.613000|2018-05-03 14:28:32.725000|2018-05-03 14:29:00.161000|2018-05-03 14:29:21.068000|2018-05-03 14:29:52.315000|2018-05-03 14:30:19.076000|2018-05-03 14:30:46.818000|2018-05-03 14:31:16.665000|2018-05-03 14:31:50.125000|2018-05-03 14:32:16.431000|2018-05-03 14:32:41.069000|2018-05-03 14:33:17.462000|2018-05-03 14:33:54.077000|2018-05-03 14:34:25.743000|2018-05-03 14:34:54.100000|2018-05-03 14:35:16.950000|2018-05-03 14:35:42.881000|2018-05-03 14:36:09.724000|2018-05-03 14:36:41.665000|2018-05-03 14:37:06.255000|2018-05-03 14:37:29.402000|2018-05-03 14:37:56.512000|2018-05-03 14:38:20.822000|2018-05-03 14:38:44.207000|2018-05-03 14:39:07.779000|2018-05-03 14:39:31.658000|2018-05-03 14:39:58.593000|2018-05-03 14:40:19.797000|2018-05-03 14:40:46.812000|2018-05-03 14:41:12.372000|2018-05-03 14:41:43.691000|2018-05-03 14:42:16.883000|2018-05-03 14:42:52.366000|2018-05-03 14:43:18.041000|2018-05-03 14:43:45.392000|2018-05-03 14:44:09.219000|2018-05-03 14:44:35.803000|2018-05-03 14:45:09.872000|2018-05-03 14:45:35.656000|2018-05-03 14:45:56.525000|2018-05-03 14:46:21.001000|2018-05-03 14:46:46.702000|2018-05-03 14:47:22.599000|2018-05-03 14:47:47.009000|2018-05-03 14:48:19.435000
12|Flavius|Bautista Martin|2018-05-03 14:20:46.457000|2018-05-03 14:21:14.369000|2018-05-03 14:21:44.811000|2018-05-03 14:22:11.956000|2018-05-03 14:22:34.016000|2018-05-03 14:23:08.689000|2018-05-03 14:23:41.058000|2018-05-03 14:24:04.287000|2018-05-03 14:24:33.267000|2018-05-03 14:24:55.680000|2018-05-03 14:25:28.378000|2018-05-03 14:25:49.181000|2018-05-03 14:26:13.954000|2018-05-03 14:26:39.022000|2018-05-03 14:27:11.969000|2018-05-03 14:27:40.360000|2018-05-03 14:28:05.534000|2018-05-03 14:28:41.150000|2018-05-03 14:29:03.857000|2018-05-03 14:29:39.117000|2018-05-03 14:30:11.176000|2018-05-03 14:30:39.180000|2018-05-03 14:31:14.474000|2018-05-03 14:31:41.090000|2018-05-03 14:32:10.053000|2018-05-03 14:32:41.564000|2018-05-03 14:33:06.352000|2018-05-03 14:33:27.084000|2018-05-03 14:33:52.546000|2018-05-03 14:34:28.397000|2018-05-03 14:34:50.870000|2018-05-03 14:35:11.949000|2018-05-03 14:35:40.498000|2018-05-03 14:36:04.075000|2018-05-03 14:36:27.654000|2018-05-03 14:36:58.284000|2018-05-03 14:37:27.663000|2018-05-03 14:37:56.240000|2018-05-03 14:38:25.998000|2018-05-03 14:38:57.756000|2018-05-03 14:39:32.031000|2018-05-03 14:40:04.137000|2018-05-03 14:40:26.079000|2018-05-03 14:40:58.458000|2018-05-03 14:41:33.234000|2018-05-03 14:41:56.254000|2018-05-03 14:42:22.401000|2018-05-03 14:42:57.996000|2018-05-03 14:43:30.216000|2018-05-03 14:43:51.194000|2018-05-03 14:44:17.571000|2018-05-03 14:44:45.316000|2018-05-03 14:45:16.452000|2018-05-03 14:45:37.381000|2018-05-03 14:46:06.228000|2018-05-03 14:46:41.857000|2018-05-03 14:47:18.161000|2018-05-03 14:47:53.310000|2018-05-03 14:48:16.707000|2018-05-03 14:48:47.780000|2018-05-03 14:49:13.036000
13|Eva|Vivanco Limon|2018-05-03 14:20:46.457000|2018-05-03 14:21:10.569000|2018-05-03 14:21:41.793000|2018-05-03 14:22:03.491000|2018-05-03 14:22:37.058000|2018-05-03 14:22:58.217000|2018-05-03 14:23:23.933000|2018-05-03 14:23:56.465000|2018-05-03 14:24:28.125000|2018-05-03 14:24:55.255000|2018-05-03 14:25:23.008000|2018-05-03 14:25:46.378000|2018-05-03 14:26:14.220000|2018-05-03 14:26:42.455000|2018-05-03 14:27:13.436000|2018-05-03 14:27:49.228000|2018-05-03 14:28:12.152000|2018-05-03 14:28:44.550000|2018-05-03 14:29:14.308000|2018-05-03 14:29:50.033000|2018-05-03 14:30:18.989000|2018-05-03 14:30:40.279000|2018-05-03 14:31:09.309000|2018-05-03 14:31:34.087000|2018-05-03 14:32:06.408000|2018-05-03 14:32:34.087000|2018-05-03 14:33:05.992000|2018-05-03 14:33:31.035000|2018-05-03 14:34:06.787000|2018-05-03 14:34:42.401000|2018-05-03 14:35:13.176000|2018-05-03 14:35:34.135000|2018-05-03 14:36:04.010000|2018-05-03 14:36:34.685000|2018-05-03 14:36:59.297000|2018-05-03 14:37:24.590000|2018-05-03 14:37:52.928000|2018-05-03 14:38:26.585000|2018-05-03 14:38:47.357000|2018-05-03 14:39:08.814000|2018-05-03 14:39:38.559000|2018-05-03 14:40:13.129000|2018-05-03 14:40:40.625000|2018-05-03 14:41:10.199000|2018-05-03 14:41:36.378000|2018-05-03 14:42:03.955000|2018-05-03 14:42:29.980000|2018-05-03 14:42:51.888000|2018-05-03 14:43:17.511000|2018-05-03 14:43:53.981000|2018-05-03 14:44:23.747000|2018-05-03 14:44:51.496000|2018-05-03 14:45:18.417000|2018-05-03 14:45:40.490000|2018-05-03 14:46:01.937000|2018-05-03 14:46:24.385000|2018-05-03 14:46:57.766000|2018-05-03 14:47:26.790000|2018-05-03 14:48:03.397000|2018-05-03 14:48:24.891000|2018-05-03 14:48:52.292000
14|Eva|Pavon Jacobo|2018-05-03 14:20:46.457000|2018-05-03 14:21:16.658000|2018-05-03 14:21:40.501000|2018-05-03 14:22:08.161000|2018-05-03 14:22:33.406000|2018-05-03 14:23:03.470000|2018-05-03 14:23:25.487000|2018-05-03 14:23:46.917000|2018-05-03 14:24:20.077000|2018-05-03 14:24:46.286000|2018-05-03 14:25:07.550000|2018-05-03 14:25:30.047000|2018-05-03 14:25:57.442000|2018-05-03 14:26:19.509000|2018-05-03 14:26:55.457000|2018-05-03 14:27:29.840000|2018-05-03 14:28:03.702000|2018-05-03 14:28:37.192000|2018-05-03 14:29:04.980000|2018-05-03 14:29:30.729000|2018-05-03 14:29:58.583000|2018-05-03 14:30:21.410000|2018-05-03 14:30:49.938000|2018-05-03 14:31:14.472000|2018-05-03 14:31:50.500000|2018-05-03 14:32:21.837000|2018-05-03 14:32:54.860000|2018-05-03 14:33:18.110000|2018-05-03 14:33:38.971000|2018-05-03 14:34:14.396000|2018-05-03 14:34:48.325000|2018-05-03 14:35:10.619000|2018-05-03 14:35:41.264000|2018-05-03 14:36:08.711000|2018-05-03 14:36:29.591000|2018-05-03 14:37:06.218000|2018-05-03 14:37:27.827000|2018-05-03 14:37:55.181000|2018-05-03 14:38:17.602000|2018-05-03 14:38:48.163000|2018-05-03 14:39:23.731000|2018-05-03 14:39:47.131000|2018-05-03 14:40:11.446000|2018-05-03 14:40:37.449000|2018-05-03 14:41:01.027000|2018-05-03 14:41:25.401000|2018-05-03 14:41:54.987000|2018-05-03 14:42:30.796000|2018-05-03 14:42:57.357000|2018-05-03 14:43:21.980000|2018-05-03 14:43:48.635000|2018-05-03 14:44:23.699000|2018-05-03 14:44:49.814000|2018-05-03 14:45:13.154000|2018-05-03 14:45:45.086000|2018-05-03 14:46:14.124000|2018-05-03 14:46:36.584000|2018-05-03 14:46:58.673000|2018-05-03 14:47:30.714000|2018-05-03 14:48:02.619000|2018-05-03 14:48:33.815000
15|Daniel|Limon Guadiana|2018-05-03 14:20:46.457000|2018-05-03 14:21:12.918000|2018-05-03 14:21:43.010000|2018-05-03 14:22:09.924000|2018-05-03 14:22:39.728000|2018-05-03 14:23:01.039000|2018-05-03 14:23:24.832000|2018-05-03 14:23:51.153000|2018-05-03 14:24:25.167000|2018-05-03 14:24:50.285000|2018-05-03 14:25:25.282000|2018-05-03 14:25:56.632000|2018-05-03 14:26:23.896000|2018-05-03 14:26:57.302000|2018-05-03 14:27:24.316000|2018-05-03 14:27:46.047000|2018-05-03 14:28:10.057000|2018-05-03 14:28:44.535000|2018-05-03 14:29:08.798000|2018-05-03 14:29:31.194000|2018-05-03 14:30:06.454000|2018-05-03 14:30:37.221000|2018-05-03 14:31:00.370000|2018-05-03 14:31:26.460000|2018-05-03 14:32:02.179000|2018-05-03 14:32:31.059000|2018-05-03 14:32:57.388000|2018-05-03 14:33:22.940000|2018-05-03 14:33:43.919000|2018-05-03 14:34:05.338000|2018-05-03 14:34:40.578000|2018-05-03 14:35:02.232000|2018-05-03 14:35:24.114000|2018-05-03 14:35:49.742000|2018-05-03 14:36:13.513000|2018-05-03 14:36:37.941000|2018-05-03 14:37:05.898000|2018-05-03 14:37:32.819000|2018-05-03 14:38:05.124000|2018-05-03 14:38:41.566000|2018-05-03 14:39:03.442000|2018-05-03 14:39:28.793000|2018-05-03 14:40:04.079000|2018-05-03 14:40:33.066000|2018-05-03 14:41:08.948000|2018-05-03 14:41:37.450000|2018-05-03 14:42:04.230000|2018-05-03 14:42:25.708000|2018-05-03 14:42:47.105000|2018-05-03 14:43:16.944000|2018-05-03 14:43:41.544000|2018-05-03 14:44:14.999000|2018-05-03 14:44:42.556000|2018-05-03 14:45:18.552000|2018-05-03 14:45:45.283000|2018-05-03 14:46:17.507000|2018-05-03 14:46:44.504000|2018-05-03 14:47:11.739000|2018-05-03 14:47:34.913000|2018-05-03 14:48:01.294000|2018-05-03 14:48:23.991000
16|Alberto|Moncada Portillo|2018-05-03 14:20:46.457000|2018-05-03 14:21:19.506000|2018-05-03 14:21:55.048000|2018-05-03 14:22:17.741000|2018-05-03 14:22:43.652000|2018-05-03 14:23:05.042000|2018-05-03 14:23:30.921000|2018-05-03 14:24:06.164000|2018-05-03 14:24:37.193000|2018-05-03 14:25:04.792000|2018-05-03 14:25:25.917000|2018-05-03 14:26:02.178000|2018-05-03 14:26:35.455000|2018-05-03 14:27:07.522000|2018-05-03 14:27:32.246000|2018-05-03 14:28:02.896000|2018-05-03 14:28:33.371000|2018-05-03 14:29:05.956000|2018-05-03 14:29:37.669000|2018-05-03 14:30:02.212000|2018-05-03 14:30:33.491000|2018-05-03 14:31:01.966000|2018-05-03 14:31:27.370000|2018-05-03 14:31:59.954000|2018-05-03 14:32:35.504000|2018-05-03 14:32:56.634000|2018-05-03 14:33:19.975000|2018-05-03 14:33:56.205000|2018-05-03 14:34:23.195000|2018-05-03 14:34:47.671000|2018-05-03 14:35:17.643000|2018-05-03 14:35:41.230000|2018-05-03 14:36:06.989000|2018-05-03 14:36:40.830000|2018-05-03 14:37:13.653000|2018-05-03 14:37:38.894000|2018-05-03 14:38:01.708000|2018-05-03 14:38:37.664000|2018-05-03 14:39:05.632000|2018-05-03 14:39:40.469000|2018-05-03 14:40:01.311000|2018-05-03 14:40:22.580000|2018-05-03 14:40:43.626000|2018-05-03 14:41:12.199000|2018-05-03 14:41:44.399000|2018-05-03 14:42:14.192000|2018-05-03 14:42:44.010000|2018-05-03 14:43:15.829000|2018-05-03 14:43:43.010000|2018-05-03 14:44:04.313000|2018-05-03 14:44:35.445000|2018-05-03 14:45:11.693000|2018-05-03 14:45:45.336000|2018-05-03 14:46:07.130000|2018-05-03 14:46:34.051000|2018-05-03 14:46:59.491000|2018-05-03 14:47:29.802000|2018-05-03 14:47:50.765000|2018-05-03 14:48:19.993000|2018-05-03 14:48:52.067000|2018-05-03 14:49:19.067000
17|Irene|Simona Sains|2018-05-03 14:20:46.457000|2018-05-03 14:21:20.486000|2018-05-03 14:21:49.984000|2018-05-03 14:22:11.661000|2018-05-03 14:22:37.188000|2018-05-03 14:23:00.778000|2018-05-03 14:23:34.402000|2018-05-03 14:23:57.458000|2018-05-03 14:24:25.762000|2018-05-03 14:24:52.825000|2018-05-03 14:25:25.059000|2018-05-03 14:25:51.544000|2018-05-03 14:26:20.798000|2018-05-03 14:26:54.187000|2018-05-03 14:27:19.682000|2018-05-03 14:27:45.313000|2018-05-03 14:28:10.865000|2018-05-03 14:28:37.490000|2018-05-03 14:29:10.630000|2018-05-03 14:29:43.746000|2018-05-03 14:30:09.724000|2018-05-03 14:30:37.033000|2018-05-03 14:31:03.626000|2018-05-03 14:31:37.674000|2018-05-03 14:32:06.858000|2018-05-03 14:32:38.477000|2018-05-03 14:33:04.508000|2018-05-03 14:33:41.054000|2018-05-03 14:34:17.101000|2018-05-03 14:34:46.793000|2018-05-03 14:35:19.764000|2018-05-03 14:35:44.138000|2018-05-03 14:36:06.952000|2018-05-03 14:36:39.296000|2018-05-03 14:37:15.193000|2018-05-03 14:37:46.252000|2018-05-03 14:38:11.889000|2018-05-03 14:38:38.234000|2018-05-03 14:39:10.255000|2018-05-03 14:39:31.040000|2018-05-03 14:40:00.868000|2018-05-03 14:40:34.871000|2018-05-03 14:40:59.931000|2018-05-03 14:41:23.424000|2018-05-03 14:41:53.613000|2018-05-03 14:42:18.089000|2018-05-03 14:42:47.237000|2018-05-03 14:43:09.492000|2018-05-03 14:43:35.894000|2018-05-03 14:44:10.994000|2018-05-03 14:44:41.936000|2018-05-03 14:45:16.825000|2018-05-03 14:45:42.721000|2018-05-03 14:46:06.264000|2018-05-03 14:46:34.115000|2018-05-03 14:47:06.923000|2018-05-03 14:47:35.723000|2018-05-03 14:48:05.025000|2018-05-03 14:48:37.540000|2018-05-03 14:49:08.308000|2018-05-03 14:49:41.773000
18|Vladimiro|Tortolero Macario|2018-05-03 14:20:46.457000|2018-05-03 14:21:18.001000|2018-05-03 14:21:48.131000|2018-05-03 14:22:16.539000|2018-05-03 14:22:49.993000|2018-05-03 14:23:16.069000|2018-05-03 14:23:38.371000|2018-05-03 14:24:09.877000|2018-05-03 14:24:37.075000|2018-05-03 14:25:08.402000|2018-05-03 14:25:29.730000|2018-05-03 14:25:55.704000|2018-05-03 14:26:18.340000|2018-05-03 14:26:40.145000|2018-05-03 14:27:02.803000|2018-05-03 14:27:28.578000|2018-05-03 14:28:00.417000|2018-05-03 14:28:25.219000|2018-05-03 14:28:47.360000|2018-05-03 14:29:15.169000|2018-05-03 14:29:39.611000|2018-05-03 14:30:01.481000|2018-05-03 14:30:29.398000|2018-05-03 14:30:54.981000|2018-05-03 14:31:25.590000|2018-05-03 14:31:47.955000|2018-05-03 14:32:10.832000|2018-05-03 14:32:45.704000|2018-05-03 14:33:20.799000|2018-05-03 14:33:46.520000|2018-05-03 14:34:08.943000|2018-05-03 14:34:31.400000|2018-05-03 14:35:07.638000|2018-05-03 14:35:35.999000|2018-05-03 14:36:08.784000|2018-05-03 14:36:43.100000|2018-05-03 14:37:04.598000|2018-05-03 14:37:33.813000|2018-05-03 14:38:02.368000|2018-05-03 14:38:32.718000|2018-05-03 14:39:07.506000|2018-05-03 14:39:37.583000|2018-05-03 14:40:03.723000|2018-05-03 14:40:28.819000|2018-05-03 14:40:53.684000|2018-05-03 14:41:26.736000|2018-05-03 14:41:48.040000|2018-05-03 14:42:12.352000|2018-05-03 14:42:42.205000|2018-05-03 14:43:05.206000|2018-05-03 14:43:40.868000|2018-05-03 14:44:10.382000|2018-05-03 14:44:43.793000|2018-05-03 14:45:18.684000|2018-05-03 14:45:52.826000|2018-05-03 14:46:19.188000|2018-05-03 14:46:40.583000|2018-05-03 14:47:10.952000|2018-05-03 14:47:45.133000|2018-05-03 14:48:14.642000|2018-05-03 14:48:50.148000
19|Carlos|Almeda Baldespino|2018-05-03 14:20:46.457000|2018-05-03 14:21:19.972000|2018-05-03 14:21:42.408000|2018-05-03 14:22:06.246000|||||||||||||||||||||||||||||||||||||||||||||||||||||||||
20|Filemon|Simona Montemayor|2018-05-03 14:20:46.457000|2018-05-03 14:21:15.885000|2018-05-03 14:21:51.534000|2018-05-03 14:22:22.021000|2018-05-03 14:22:55.425000|2018-05-03 14:23:28.830000|2018-05-03 14:24:00.193000|2018-05-03 14:24:34.927000|2018-05-03 14:25:00.318000|2018-05-03 14:25:29.429000|2018-05-03 14:25:58.094000|2018-05-03 14:26:31.059000|2018-05-03 14:27:02.474000|2018-05-03 14:27:37.024000|2018-05-03 14:28:12.179000|2018-05-03 14:28:34.335000|2018-05-03 14:28:55.222000|2018-05-03 14:29:24.383000|2018-05-03 14:29:45.496000|2018-05-03 14:30:16.077000|2018-05-03 14:30:51.949000|2018-05-03 14:31:18.516000|2018-05-03 14:31:44.855000|2018-05-03 14:32:17.635000|2018-05-03 14:32:47.702000|2018-05-03 14:33:22.098000|2018-05-03 14:33:44.887000|2018-05-03 14:34:15.217000|2018-05-03 14:34:51.849000|2018-05-03 14:35:19.401000|2018-05-03 14:35:40.669000|2018-05-03 14:36:16.027000|2018-05-03 14:36:39.327000|2018-05-03 14:37:15.346000|2018-05-03 14:37:41.151000|2018-05-03 14:38:07.611000|2018-05-03 14:38:29.153000|2018-05-03 14:38:49.927000|2018-05-03 14:39:14.820000|2018-05-03 14:39:45.480000|2018-05-03 14:40:18.220000|2018-05-03 14:40:40.808000|2018-05-03 14:41:13.848000|2018-05-03 14:41:46.006000|2018-05-03 14:42:06.752000|2018-05-03 14:42:36.554000|2018-05-03 14:43:11.877000|2018-05-03 14:43:34.055000|2018-05-03 14:44:05.791000|2018-05-03 14:44:29.684000|2018-05-03 14:44:53.894000|2018-05-03 14:45:20.830000|2018-05-03 14:45:56.817000|2018-05-03 14:46:27.604000|2018-05-03 14:47:03.963000|2018-05-03 14:47:40.311000|2018-05-03 14:48:01.785000|2018-05-03 14:48:36.076000|2018-05-03 14:49:06.464000|2018-05-03 14:49:28.396000|2018-05-03 14:49:49.511000
21|Sofia|Anguiano Paz|2018-05-03 14:20:46.457000|2018-05-03 14:21:11.729000|2018-05-03 14:21:45.115000|2018-05-03 14:22:14.828000|2018-05-03 14:22:41.410000|2018-05-03 14:23:09.989000|2018-05-03 14:23:44.697000|2018-05-03 14:24:14.262000|2018-05-03 14:24:49.992000|2018-05-03 14:25:17.962000|2018-05-03 14:25:46.032000|2018-05-03 14:26:17.573000|2018-05-03 14:26:52.140000|2018-05-03 14:27:16.108000|2018-05-03 14:27:47.597000|2018-05-03 14:28:11.479000|2018-05-03 14:28:40.569000|2018-05-03 14:29:10.970000|2018-05-03 14:29:38.930000|2018-05-03 14:30:04.870000|2018-05-03 14:30:38.695000|2018-05-03 14:30:59.450000|2018-05-03 14:31:34.685000|2018-05-03 14:32:00.069000|2018-05-03 14:32:35.625000|2018-05-03 14:33:06.085000|2018-05-03 14:33:29.480000|2018-05-03 14:33:53.174000|2018-05-03 14:34:26.274000|2018-05-03 14:34:48.681000|2018-05-03 14:35:12.526000|2018-05-03 14:35:43.709000|2018-05-03 14:36:16.634000|2018-05-03 14:36:37.901000|2018-05-03 14:36:59.893000|2018-05-03 14:37:24.956000|2018-05-03 14:37:53.411000|2018-05-03 14:38:25.646000|2018-05-03 14:38:53.929000|2018-05-03 14:39:23.108000|2018-05-03 14:39:56.433000|2018-05-03 14:40:25.768000|2018-05-03 14:40:48.075000|2018-05-03 14:41:13.539000|2018-05-03 14:41:45.013000|2018-05-03 14:42:18.303000|2018-05-03 14:42:40.229000|2018-05-03 14:43:08.409000|2018-05-03 14:43:37.835000|2018-05-03 14:44:12.764000|2018-05-03 14:44:34.180000|2018-05-03 14:45:03.651000|2018-05-03 14:45:35.411000|2018-05-03 14:45:59.576000|2018-05-03 14:46:30.916000|2018-05-03 14:46:54.718000|2018-05-03 14:47:27.208000|2018-05-03 14:47:57.507000|2018-05-03 14:48:32.335000|2018-05-03 14:48:54.068000|2018-05-03 14:49:30.464000
22|Pablo|Bautista Guadiana|2018-05-03 14:20:46.457000|2018-05-03 14:21:19.226000|2018-05-03 14:21:51.734000|2018-05-03 14:22:13.461000|2018-05-03 14:22:40.301000|2018-05-03 14:23:04.424000|2018-05-03 14:23:40.440000|2018-05-03 14:24:07.081000|2018-05-03 14:24:31.457000|2018-05-03 14:24:56.927000|2018-05-03 14:25:20.443000|2018-05-03 14:25:43.032000|2018-05-03 14:26:09.291000|2018-05-03 14:26:38.691000|2018-05-03 14:27:06.349000|2018-05-03 14:27:32.056000|2018-05-03 14:27:57.651000|2018-05-03 14:28:26.329000|2018-05-03 14:28:48.095000|2018-05-03 14:29:09.541000|2018-05-03 14:29:32.322000|2018-05-03 14:30:00.621000|2018-05-03 14:30:36.704000|2018-05-03 14:31:06.601000|2018-05-03 14:31:36.407000|2018-05-03 14:31:57.227000|2018-05-03 14:32:30.666000|2018-05-03 14:33:03.817000|2018-05-03 14:33:25.406000|2018-05-03 14:33:48.976000|2018-05-03 14:34:20.963000|2018-05-03 14:34:49.910000|2018-05-03 14:35:22.878000|2018-05-03 14:35:48.785000|2018-05-03 14:36:23.101000|2018-05-03 14:36:50.001000|2018-05-03 14:37:25.333000|2018-05-03 14:37:56.133000|2018-05-03 14:38:28.935000|2018-05-03 14:38:52.104000|2018-05-03 14:39:19.897000|2018-05-03 14:39:47.649000|2018-05-03 14:40:13.643000|2018-05-03 14:40:39.396000|2018-05-03 14:41:15.881000|2018-05-03 14:41:47.874000|2018-05-03 14:42:12.388000|2018-05-03 14:42:35.046000|2018-05-03 14:43:07.696000|2018-05-03 14:43:33.719000|2018-05-03 14:44:09.835000|2018-05-03 14:44:37.794000|2018-05-03 14:45:01.252000|2018-05-03 14:45:22.558000|2018-05-03 14:45:50.732000|2018-05-03 14:46:12.868000|2018-05-03 14:46:42.094000|2018-05-03 14:47:10.326000|2018-05-03 14:47:39.901000|2018-05-03 14:48:03.983000|2018-05-03 14:48:29.637000
23|Elisabeth|Figueroa Macario|2018-05-03 14:20:46.457000|2018-05-03 14:21:16.085000|2018-05-03 14:21:48.477000|2018-05-03 14:22:19.127000|2018-05-03 14:22:45.082000|2018-05-03 14:23:16.928000|2018-05-03 14:23:37.752000|2018-05-03 14:24:05.958000|2018-05-03 14:24:32.578000|2018-05-03 14:24:55.351000|2018-05-03 14:25:28.986000|2018-05-03 14:26:00.753000|2018-05-03 14:26:34.604000|2018-05-03 14:26:59.494000|2018-05-03 14:27:30.634000|2018-05-03 14:28:01.967000|2018-05-03 14:28:28.237000|2018-05-03 14:28:57.784000|2018-05-03 14:29:27.103000|2018-05-03 14:29:49.962000|2018-05-03 14:30:26.531000|2018-05-03 14:31:00.113000|2018-05-03 14:31:32.058000|2018-05-03 14:31:57.041000|2018-05-03 14:32:18.305000|2018-05-03 14:32:51.271000|2018-05-03 14:33:20.286000|2018-05-03 14:33:45.679000|2018-05-03 14:34:21.878000|2018-05-03 14:34:44.600000|2018-05-03 14:35:14.824000|2018-05-03 14:35:39.055000|2018-05-03 14:36:08.398000|2018-05-03 14:36:40.569000|2018-05-03 14:37:03.064000|2018-05-03 14:37:39.170000|2018-05-03 14:38:15.147000|2018-05-03 14:38:48.279000|2018-05-03 14:39:16.378000|2018-05-03 14:39:52.957000|2018-05-03 14:40:17.231000|2018-05-03 14:40:51.863000|2018-05-03 14:41:20.832000|2018-05-03 14:41:44.754000|2018-05-03 14:42:07.210000|2018-05-03 14:42:37.770000|2018-05-03 14:43:08.275000|2018-05-03 14:43:34.955000|2018-05-03 14:44:09.464000|2018-05-03 14:44:38.342000|2018-05-03 14:45:10.912000|2018-05-03 14:45:45.042000|2018-05-03 14:46:20.029000|2018-05-03 14:46:52.785000|2018-05-03 14:47:24.565000|2018-05-03 14:48:00.652000|2018-05-03 14:48:30.193000|2018-05-03 14:49:01.478000|2018-05-03 14:49:34.265000|2018-05-03 14:50:07.979000|2018-05-03 14:50:43.584000
24|Alba|Jaramillo Erera|2018-05-03 14:20:46.457000|2018-05-03 14:21:15.233000|2018-05-03 14:21:38.150000|2018-05-03 14:22:02.094000|2018-05-03 14:22:25.371000|2018-05-03 14:22:50.844000|2018-05-03 14:23:25.475000|2018-05-03 14:23:48.985000|2018-05-03 14:24:13.504000|2018-05-03 14:24:37.801000|2018-05-03 14:24:59.324000|2018-05-03 14:25:20.836000|2018-05-03 14:25:48.626000|2018-05-03 14:26:18.687000|2018-05-03 14:26:52.240000|2018-05-03 14:27:26.605000|2018-05-03 14:27:58.976000|2018-05-03 14:28:19.721000|2018-05-03 14:28:49.927000|2018-05-03 14:29:25.858000|2018-05-03 14:29:49.840000|2018-05-03 14:30:13.744000|2018-05-03 14:30:36.256000|2018-05-03 14:30:57.074000|2018-05-03 14:31:21.613000|2018-05-03 14:31:54.405000|2018-05-03 14:32:23.792000|2018-05-03 14:32:47.659000|2018-05-03 14:33:15.276000|2018-05-03 14:33:39.372000|2018-05-03 14:34:03.010000|2018-05-03 14:34:32.300000|2018-05-03 14:34:56.760000|2018-05-03 14:35:32.545000|2018-05-03 14:36:01.737000|2018-05-03 14:36:36.997000|2018-05-03 14:37:10.875000|2018-05-03 14:37:33.555000|2018-05-03 14:37:57.655000|2018-05-03 14:38:22.441000|2018-05-03 14:38:45.290000|2018-05-03 14:39:19.944000|2018-05-03 14:39:43.588000|2018-05-03 14:40:12.660000|2018-05-03 14:40:48.541000|2018-05-03 14:41:20.646000|2018-05-03 14:41:45.207000||||||||||||||
25|Margarita|Pavon Gongora|2018-05-03 14:20:46.457000|2018-05-03 14:21:16.700000|2018-05-03 14:21:47.846000|2018-05-03 14:22:22.130000|2018-05-03 14:22:51.218000|2018-05-03 14:23:23.759000|2018-05-03 14:23:57.891000|2018-05-03 14:24:24.845000|2018-05-03 14:25:00.714000|2018-05-03 14:25:32.223000|2018-05-03 14:26:01.241000|2018-05-03 14:26:32.675000|2018-05-03 14:26:55.416000|2018-05-03 14:27:18.739000|2018-05-03 14:27:51.784000|2018-05-03 14:28:13.193000|2018-05-03 14:28:38.128000|2018-05-03 14:29:03.626000|2018-05-03 14:29:33.478000|2018-05-03 14:30:04.900000|2018-05-03 14:30:28.459000|2018-05-03 14:31:02.136000|2018-05-03 14:31:36.840000|2018-05-03 14:32:09.508000|2018-05-03 14:32:30.844000|2018-05-03 14:32:55.782000|2018-05-03 14:33:27.028000|2018-05-03 14:33:54.788000|2018-05-03 14:34:23.198000|2018-05-03 14:34:48.650000|2018-05-03 14:35:21.679000|2018-05-03 14:35:57.866000|2018-05-03 14:36:22.428000|2018-05-03 14:36:52.436000|2018-05-03 14:37:26.852000|2018-05-03 14:37:59.803000|2018-05-03 14:38:25.042000|2018-05-03 14:38:50.709000|2018-05-03 14:39:19.954000|2018-05-03 14:39:56.389000|2018-05-03 14:40:31.016000|2018-05-03 14:41:06.806000|2018-05-03 14:41:42.922000|2018-05-03 14:42:08.700000|2018-05-03 14:42:31.885000|2018-05-03 14:43:05.107000|2018-05-03 14:43:32.185000||||||||||||||
26|Mohamed|Jaramillo Jaramillo|2018-05-03 14:20:46.457000|2018-05-03 14:21:07.384000|2018-05-03 14:21:34.316000|2018-05-03 14:22:04.317000|2018-05-03 14:22:29.299000|2018-05-03 14:22:54.535000|2018-05-03 14:23:16.398000|2018-05-03 14:23:44.315000|2018-05-03 14:24:10.066000|2018-05-03 14:24:42.895000|2018-05-03 14:25:17.222000|2018-05-03 14:25:40.305000|2018-05-03 14:26:07.841000|2018-05-03 14:26:37.562000|2018-05-03 14:27:09.970000|2018-05-03 14:27:41.823000|2018-05-03 14:28:03.516000|2018-05-03 14:28:39.154000|2018-05-03 14:29:13.016000|2018-05-03 14:29:42.182000|2018-05-03 14:30:03.911000|2018-05-03 14:30:26.621000|2018-05-03 14:30:59.513000|2018-05-03 14:31:27.925000|2018-05-03 14:31:55.849000|2018-05-03 14:32:24.561000|2018-05-03 14:32:54.377000|2018-05-03 14:33:25.847000|2018-05-03 14:34:00.240000|2018-05-03 14:34:21.940000|2018-05-03 14:34:50.058000|2018-05-03 14:35:16.291000|2018-05-03 14:35:46.733000|2018-05-03 14:36:15.038000|2018-05-03 14:36:47.769000|2018-05-03 14:37:13.525000|2018-05-03 14:37:42.595000|2018-05-03 14:38:13.276000|2018-05-03 14:38:40.323000|2018-05-03 14:39:10.434000|2018-05-03 14:39:33.372000|2018-05-03 14:40:03.879000|2018-05-03 14:40:39.638000|2018-05-03 14:41:02.917000|2018-05-03 14:41:36.880000|2018-05-03 14:42:09.255000|2018-05-03 14:42:37.346000|2018-05-03 14:43:07.812000|2018-05-03 14:43:35.410000|2018-05-03 14:44:02.333000|2018-05-03 14:44:29.947000|2018-05-03 14:44:54.523000|2018-05-03 14:45:21.011000|2018-05-03 14:45:50.749000|2018-05-03 14:46:24.807000|2018-05-03 14:46:56.190000|2018-05-03 14:47:27.192000|2018-05-03 14:48:03.506000|2018-05-03 14:48:29.016000|2018-05-03 14:48:57.398000|2018-05-03 14:49:32.410000
27|Filemon|Vivanco Simona|2018-05-03 14:20:46.457000|2018-05-03 14:21:15.229000|2018-05-03 14:21:47.599000|2018-05-03 14:22:23.396000|2018-05-03 14:22:47.117000|2018-05-03 14:23:11.990000|2018-05-03 14:23:40.365000|2018-05-03 14:24:04.878000|2018-05-03 14:24:28.488000|2018-05-03 14:25:00.527000|2018-05-03 14:25:32.492000|2018-05-03 14:26:03.782000|2018-05-03 14:26:36.667000|2018-05-03 14:27:01.005000|2018-05-03 14:27:29.323000|2018-05-03 14:28:02.524000|2018-05-03 14:28:34.144000|2018-05-03 14:29:00.267000|2018-05-03 14:29:23.699000|2018-05-03 14:29:49.104000|2018-05-03 14:30:16.860000|2018-05-03 14:30:41.819000|2018-05-03 14:31:14.531000|2018-05-03 14:31:51.051000|2018-05-03 14:32:22.458000|2018-05-03 14:32:46.423000|2018-05-03 14:33:09.065000|2018-05-03 14:33:35.690000|2018-05-03 14:34:05.322000|2018-05-03 14:34:28.017000|2018-05-03 14:35:03.386000|2018-05-03 14:35:28.582000|2018-05-03 14:35:52.446000|2018-05-03 14:36:22.285000|2018-05-03 14:36:58.230000|2018-05-03 14:37:23.820000|2018-05-03 14:37:55.533000|2018-05-03 14:38:16.408000|2018-05-03 14:38:42.938000|2018-05-03 14:39:14.753000|2018-05-03 14:39:47.036000|2018-05-03 14:40:13.966000|2018-05-03 14:40:37.216000|2018-05-03 14:41:11.329000|2018-05-03 14:41:35.363000|2018-05-03 14:42:07.295000|2018-05-03 14:42:32.519000|2018-05-03 14:42:59.667000|2018-05-03 14:43:27.028000|2018-05-03 14:43:55.373000|2018-05-03 14:44:27.593000|2018-05-03 14:45:01.736000|2018-05-03 14:45:33.394000|2018-05-03 14:46:08.720000|2018-05-03 14:46:33.059000|2018-05-03 14:47:07.313000|2018-05-03 14:47:30.284000|2018-05-03 14:47:53.989000|2018-05-03 14:48:21.869000|2018-05-03 14:48:49.797000|2018-05-03 14:49:20.911000
28|Ernesto|Arana Angulo|2018-05-03 14:20:46.457000|2018-05-03 14:21:07.856000|2018-05-03 14:21:40.349000|2018-05-03 14:22:16.143000|2018-05-03 14:22:43.976000|2018-05-03 14:23:07.092000|2018-05-03 14:23:31.167000|2018-05-03 14:23:57.602000|2018-05-03 14:24:25.213000|2018-05-03 14:24:58.714000|2018-05-03 14:25:32.101000|2018-05-03 14:25:53.106000|2018-05-03 14:26:20.610000|2018-05-03 14:26:55.885000|2018-05-03 14:27:17.961000|2018-05-03 14:27:51.205000|2018-05-03 14:28:14.304000|2018-05-03 14:28:39.606000|2018-05-03 14:29:03.968000|2018-05-03 14:29:31.718000|2018-05-03 14:30:08.279000|2018-05-03 14:30:35.548000|2018-05-03 14:31:11.479000|2018-05-03 14:31:44.589000|2018-05-03 14:32:06.740000|2018-05-03 14:32:37.278000|2018-05-03 14:32:59.177000|2018-05-03 14:33:33.031000|2018-05-03 14:34:08.993000|2018-05-03 14:34:39.090000|2018-05-03 14:35:06.572000|2018-05-03 14:35:37.687000|2018-05-03 14:36:08.011000|2018-05-03 14:36:43.097000|2018-05-03 14:37:13.903000|2018-05-03 14:37:41.630000|2018-05-03 14:38:02.728000|2018-05-03 14:38:36.289000|2018-05-03 14:39:09.795000|2018-05-03 14:39:35.470000|2018-05-03 14:39:58.599000|2018-05-03 14:40:32.125000|2018-05-03 14:40:57.302000|2018-05-03 14:41:21.728000|2018-05-03 14:41:49.004000|2018-05-03 14:42:24.199000|2018-05-03 14:42:47.625000|2018-05-03 14:43:15.489000|2018-05-03 14:43:50.508000|2018-05-03 14:44:24.567000|2018-05-03 14:44:49.965000|2018-05-03 14:45:26.101000|2018-05-03 14:45:49.349000|2018-05-03 14:46:18.585000|2018-05-03 14:46:42.982000|2018-05-03 14:47:05.420000|2018-05-03 14:47:40.620000|2018-05-03 14:48:07.931000|2018-05-03 14:48:32.679000|2018-05-03 14:48:55.511000|2018-05-03 14:49:20.364000
29|Miguel|Zabala Quintanilla|2018-05-03 14:20:46.457000|2018-05-03 14:21:12.733000|2018-05-03 14:21:39.092000|2018-05-03 14:22:12.355000|2018-05-03 14:22:44.135000|2018-05-03 14:23:17.273000|2018-05-03 14:23:50.368000|2018-05-03 14:24:23.150000|2018-05-03 14:24:59.814000|2018-05-03 14:25:36.266000|2018-05-03 14:26:03.768000|2018-05-03 14:26:24.609000|2018-05-03 14:26:56.738000|2018-05-03 14:27:20.208000|2018-05-03 14:27:54.507000|2018-05-03 14:28:22.093000|2018-05-03 14:28:57.555000|2018-05-03 14:29:28.859000|2018-05-03 14:30:05.365000|2018-05-03 14:30:36.960000|2018-05-03 14:31:06.783000|2018-05-03 14:31:35.216000|2018-05-03 14:31:58.221000|2018-05-03 14:32:25.827000|2018-05-03 14:32:59.463000|2018-05-03 14:33:27.032000|2018-05-03 14:33:58.608000|2018-05-03 14:34:22.932000|2018-05-03 14:34:52.266000|2018-05-03 14:35:25.990000|2018-05-03 14:35:46.712000|2018-05-03 14:36:07.572000|2018-05-03 14:36:43.556000|2018-05-03 14:37:19.636000|2018-05-03 14:37:54.260000|2018-05-03 14:38:29.275000|2018-05-03 14:39:02|2018-05-03 14:39:26.277000|2018-05-03 14:40:02.314000|2018-05-03 14:40:26.088000|2018-05-03 14:40:58.852000|2018-05-03 14:41:23.972000|2018-05-03 14:41:48.957000|2018-05-03 14:42:25.067000|2018-05-03 14:42:51.356000|2018-05-03 14:43:13.635000|2018-05-03 14:43:35.164000|2018-05-03 14:44:04.912000|2018-05-03 14:44:39.819000|2018-05-03 14:45:12.699000|2018-05-03 14:45:46.315000|2018-05-03 14:46:16.582000|2018-05-03 14:46:44.196000|2018-05-03 14:47:19.134000|2018-05-03 14:47:54.497000|2018-05-03 14:48:27.778000|2018-05-03 14:48:54.099000|2018-05-03 14:49:24.504000|2018-05-03 14:49:50.460000|2018-05-03 14:50:17.444000|2018-05-03 14:50:49.370000
30|Oscar|Ribera Martin|2018-05-03 14:20:46.457000|2018-05-03 14:21:11.600000|2018-05-03 14:21:44.147000|2018-05-03 14:22:09.582000|2018-05-03 14:22:42.854000|2018-05-03 14:23:08.419000|2018-05-03 14:23:29.164000|2018-05-03 14:23:49.983000|2018-05-03 14:24:23.507000|2018-05-03 14:24:54.110000|2018-05-03 14:25:23.901000|2018-05-03 14:25:54.168000|2018-05-03 14:26:16.306000|2018-05-03 14:26:50.170000|2018-05-03 14:27:23.507000|2018-05-03 14:27:47.849000|2018-05-03 14:28:15.643000|2018-05-03 14:28:36.653000|2018-05-03 14:29:08.766000|2018-05-03 14:29:33.868000|2018-05-03 14:30:07.689000|2018-05-03 14:30:35.142000|2018-05-03 14:31:07.355000|2018-05-03 14:31:29.660000|2018-05-03 14:31:56.589000|2018-05-03 14:32:24.371000|2018-05-03 14:32:48.322000|2018-05-03 14:33:09.117000|2018-05-03 14:33:31.460000|2018-05-03 14:34:02.581000|2018-05-03 14:34:31.756000|2018-05-03 14:34:53.518000|2018-05-03 14:35:14.466000|2018-05-03 14:35:46.804000|2018-05-03 14:36:12.029000|2018-05-03 14:36:41.315000|2018-05-03 14:37:04.679000|2018-05-03 14:37:30.558000|2018-05-03 14:37:57.779000|2018-05-03 14:38:26.846000|2018-05-03 14:38:58.488000|2018-05-03 14:39:30.440000|2018-05-03 14:39:57.974000|2018-05-03 14:40:22.268000|2018-05-03 14:40:50.369000|2018-05-03 14:41:21.381000|2018-05-03 14:41:53.242000|2018-05-03 14:42:16.951000|2018-05-03 14:42:38.653000|2018-05-03 14:43:01.391000|2018-05-03 14:43:25.803000|2018-05-03 14:43:50.160000|2018-05-03 14:44:15.256000|2018-05-03 14:44:40.914000|2018-05-03 14:45:09.424000|2018-05-03 14:45:37.331000|2018-05-03 14:46:11.080000|2018-05-03 14:46:46.869000|2018-05-03 14:47:11.959000|2018-05-03 14:47:34.163000|2018-05-03 14:48:00.715000
